{"cameraMode":{"drawMode":0,"name":"Shaded","section":"Shading Mode"},"sceneLighting":true,"audioPlay":false,"sceneViewState":{"m_AlwaysRefresh":false,"showFog":true,"showSkybox":true,"showFlares":true,"showImageEffects":true,"showParticleSystems":true,"showVisualEffectGraphs":true,"m_FxEnabled":true},"in2DMode":false,"pivot":{"x":-172.3073272705078,"y":259.6185607910156,"z":-213.15069580078126},"rotation":{"x":0.43174341320991518,"y":-0.004343691281974316,"z":0.002079227240756154,"w":0.9020625948905945},"size":299.7505187988281,"orthographic":false}