{"cameraMode":{"drawMode":0,"name":"Shaded","section":"Shading Mode"},"sceneLighting":true,"audioPlay":false,"sceneViewState":{"m_AlwaysRefresh":false,"showFog":true,"showSkybox":true,"showFlares":true,"showImageEffects":true,"showParticleSystems":true,"showVisualEffectGraphs":true,"m_FxEnabled":true},"in2DMode":false,"pivot":{"x":-50.600059509277347,"y":19.72757911682129,"z":-4.960914611816406},"rotation":{"x":0.17622165381908418,"y":0.042805347591638568,"z":-0.007660371251404285,"w":0.983428418636322},"size":45.20614242553711,"orthographic":false}