{"cameraMode":{"drawMode":0,"name":"Shaded","section":"Shading Mode"},"sceneLighting":true,"audioPlay":false,"sceneViewState":{"m_AlwaysRefresh":false,"showFog":true,"showSkybox":true,"showFlares":true,"showImageEffects":true,"showParticleSystems":true,"showVisualEffectGraphs":true,"m_FxEnabled":true},"in2DMode":false,"pivot":{"x":-37.761085510253909,"y":15.196746826171875,"z":-8.956474304199219},"rotation":{"x":0.2013665735721588,"y":0.12014234811067581,"z":-0.024883786216378213,"w":0.9718405604362488},"size":45.20614242553711,"orthographic":false}