{"cameraMode":{"drawMode":0,"name":"Shaded","section":"Shading Mode"},"sceneLighting":true,"audioPlay":false,"sceneViewState":{"m_AlwaysRefresh":false,"showFog":true,"showSkybox":true,"showFlares":true,"showImageEffects":true,"showParticleSystems":true,"showVisualEffectGraphs":true,"m_FxEnabled":true},"in2DMode":false,"pivot":{"x":3.0870401859283449,"y":68.08139038085938,"z":-9.704620361328125},"rotation":{"x":0.2934603989124298,"y":0.00028251297771930695,"z":-0.00016674223297741264,"w":0.9560451507568359},"size":40.8775634765625,"orthographic":false}