{"cameraMode":{"drawMode":0,"name":"Shaded","section":"Shading Mode"},"sceneLighting":true,"audioPlay":false,"sceneViewState":{"m_AlwaysRefresh":false,"showFog":true,"showSkybox":true,"showFlares":true,"showImageEffects":true,"showParticleSystems":true,"showVisualEffectGraphs":true,"m_FxEnabled":true},"in2DMode":false,"pivot":{"x":-224.58392333984376,"y":-17.368865966796876,"z":576.8814697265625},"rotation":{"x":-0.39759889245033266,"y":-0.01436341181397438,"z":0.00605775136500597,"w":-0.9175575375556946},"size":130.80218505859376,"orthographic":false}