{"cameraMode":{"drawMode":0,"name":"Shaded","section":"Shading Mode"},"sceneLighting":true,"audioPlay":false,"sceneViewState":{"m_AlwaysRefresh":false,"showFog":true,"showSkybox":true,"showFlares":true,"showImageEffects":true,"showParticleSystems":true,"showVisualEffectGraphs":true,"m_FxEnabled":true},"in2DMode":false,"pivot":{"x":-237.89903259277345,"y":394.89520263671877,"z":241.23028564453126},"rotation":{"x":-0.3892514109611511,"y":-0.022690044716000558,"z":0.00947305466979742,"w":-0.920926034450531},"size":45.50406265258789,"orthographic":false}