{"cameraMode":{"drawMode":0,"name":"Shaded","section":"Shading Mode"},"sceneLighting":true,"audioPlay":false,"sceneViewState":{"m_AlwaysRefresh":false,"showFog":true,"showSkybox":true,"showFlares":true,"showImageEffects":true,"showParticleSystems":true,"showVisualEffectGraphs":true,"m_FxEnabled":true},"in2DMode":false,"pivot":{"x":39.83241271972656,"y":-164.97402954101563,"z":260.6358337402344},"rotation":{"x":-0.33479663729667666,"y":0.013607004657387734,"z":-0.004751409403979778,"w":-0.9422718286514282},"size":382.1841735839844,"orthographic":false}