{"cameraMode":{"drawMode":0,"name":"Shaded","section":"Shading Mode"},"sceneLighting":true,"audioPlay":false,"sceneViewState":{"m_AlwaysRefresh":false,"showFog":true,"showSkybox":true,"showFlares":true,"showImageEffects":true,"showParticleSystems":true,"showVisualEffectGraphs":true,"m_FxEnabled":true},"in2DMode":false,"pivot":{"x":-12.94014835357666,"y":359.4566650390625,"z":-312.97747802734377},"rotation":{"x":-0.4276055693626404,"y":0.0059577347710728649,"z":-0.00281201652251184,"w":-0.9040101170539856},"size":136.8484344482422,"orthographic":false}