{"cameraMode":{"drawMode":0,"name":"Shaded","section":"Shading Mode"},"sceneLighting":true,"audioPlay":false,"sceneViewState":{"m_AlwaysRefresh":false,"showFog":true,"showSkybox":true,"showFlares":true,"showImageEffects":true,"showParticleSystems":true,"showVisualEffectGraphs":true,"m_FxEnabled":true},"in2DMode":false,"pivot":{"x":261.18157958984377,"y":20.039226531982423,"z":-333.88812255859377},"rotation":{"x":-0.2640710473060608,"y":-0.022265208885073663,"z":0.00610498758032918,"w":-0.9642467498779297},"size":42.55831527709961,"orthographic":false}