{"cameraMode":{"drawMode":0,"name":"Shaded","section":"Shading Mode"},"sceneLighting":false,"audioPlay":false,"sceneViewState":{"m_AlwaysRefresh":false,"showFog":true,"showSkybox":false,"showFlares":true,"showImageEffects":true,"showParticleSystems":true,"showVisualEffectGraphs":true,"m_FxEnabled":true},"in2DMode":false,"pivot":{"x":-0.8039565682411194,"y":0.6244854927062988,"z":0.010852332226932049},"rotation":{"x":-0.0022977925837039949,"y":-0.9959908127784729,"z":0.08567561954259873,"w":-0.026605259627103807},"size":68.97607421875,"orthographic":false}