{"cameraMode":{"drawMode":0,"name":"Shaded","section":"Shading Mode"},"sceneLighting":false,"audioPlay":false,"sceneViewState":{"m_AlwaysRefresh":false,"showFog":true,"showSkybox":false,"showFlares":true,"showImageEffects":true,"showParticleSystems":true,"showVisualEffectGraphs":true,"m_FxEnabled":true},"in2DMode":false,"pivot":{"x":257.9516296386719,"y":9.954975128173829,"z":-172.97372436523438},"rotation":{"x":-0.19320708513259889,"y":-0.11687023192644119,"z":0.023152675479650499,"w":-0.9739738702774048},"size":22.280664443969728,"orthographic":false}